source_dir,model,task,finish,output_tokens,cycles,tokens_per_cycle,accepted,drafted,accept_pct,depth_detail,backbone_ms,mtp_head_ms,sample_ms,cache_ms
orn-S-bugfix,Ornith-1.5-35B-A3B,bugfix,stop,21,9,2.33,11,12,91.7,"d1=6/6,d2=4/5,d3=1/1",158.7,6.8,0.1,0.7
orn-S-bugfix,Ornith-1.5-35B-A3B,bugfix,stop,23,10,2.3,13,16,81.2,"d1=7/7,d2=4/6,d3=2/3",195.5,16.1,0.2,0.5
orn-S-bugfix,Ornith-1.5-35B-A3B,bugfix,parked,24,22,1.09,0,4,0.0,"d1=0/4,d2=0/0,d3=0/0",483.0,6.3,0.2,1.6
orn-S-bugfix,Ornith-1.5-35B-A3B,bugfix,parked,42,27,1.56,13,26,50.0,"d1=12/24,d2=1/1,d3=0/1",664.9,13.1,0.3,2.2
orn-S-bugfix,Ornith-1.5-35B-A3B,bugfix,stop,45,25,1.8,19,26,73.1,"d1=18/22,d2=1/3,d3=0/1",1483.8,16.4,0.4,2.4
orn-S-bugfix,Ornith-1.5-35B-A3B,bugfix,stop,48,24,2.0,22,30,73.3,"d1=20/21,d2=2/8,d3=0/1",534.6,13.4,0.2,1.8
orn-S-bugfix,Ornith-1.5-35B-A3B,bugfix,parked,50,23,2.17,25,30,83.3,"d1=17/19,d2=7/8,d3=1/3",1549.2,33.7,0.5,2.1
orn-S-bugfix,Ornith-1.5-35B-A3B,bugfix,stop,63,27,2.33,34,48,70.8,"d1=22/24,d2=10/22,d3=2/2",712.3,26.9,0.6,2.8
orn-S-bugfix,Ornith-1.5-35B-A3B,bugfix,stop,66,27,2.44,37,46,80.4,"d1=22/24,d2=15/21,d3=0/1",648.2,32.1,0.4,2.0
orn-S-bugfix,Ornith-1.5-35B-A3B,bugfix,stop,70,36,1.94,33,38,86.8,"d1=29/33,d2=2/3,d3=2/2",929.1,16.5,0.4,2.3
orn-S-bugfix,Ornith-1.5-35B-A3B,bugfix,stop,70,27,2.59,43,48,89.6,"d1=23/24,d2=18/22,d3=2/2",823.3,21.6,0.3,1.8
orn-S-bugfix,Ornith-1.5-35B-A3B,bugfix,stop,75,29,2.59,46,56,82.1,"d1=24/26,d2=18/23,d3=4/7",951.6,31.7,0.3,2.1
orn-S-bugfix,Ornith-1.5-35B-A3B,bugfix,stop,75,29,2.59,44,52,84.6,"d1=25/26,d2=18/24,d3=1/2",709.6,23.0,0.4,2.2
orn-S-bugfix,Ornith-1.5-35B-A3B,bugfix,stop,79,37,2.14,42,46,91.3,"d1=33/34,d2=7/10,d3=2/2",1005.9,22.4,0.4,2.4
orn-S-bugfix,Ornith-1.5-35B-A3B,bugfix,stop,85,33,2.58,50,60,83.3,"d1=29/30,d2=20/28,d3=1/2",788.0,37.3,0.4,1.0
orn-S-bugfix,Ornith-1.5-35B-A3B,bugfix,stop,88,36,2.44,52,57,91.2,"d1=32/33,d2=20/24,d3=0/0",1087.1,26.7,0.4,2.3
orn-S-bugfix,Ornith-1.5-35B-A3B,bugfix,stop,89,37,2.41,52,66,78.8,"d1=32/34,d2=20/31,d3=0/1",948.9,28.8,0.4,2.8
orn-S-bugfix,Ornith-1.5-35B-A3B,bugfix,stop,96,50,1.92,46,55,83.6,"d1=41/47,d2=5/7,d3=0/1",1312.8,23.6,0.4,3.4
orn-S-bugfix,Ornith-1.5-35B-A3B,bugfix,stop,98,40,2.45,57,73,78.1,"d1=35/37,d2=22/34,d3=0/2",1022.9,30.0,0.5,3.1
orn-S-bugfix,Ornith-1.5-35B-A3B,bugfix,stop,100,54,1.85,45,53,84.9,"d1=45/51,d2=0/2,d3=0/0",1147.8,29.2,0.5,3.5
orn-S-bugfix,Ornith-1.5-35B-A3B,bugfix,stop,101,41,2.46,57,71,80.3,"d1=36/38,d2=20/31,d3=1/2",1092.5,33.5,0.5,3.1
orn-S-bugfix,Ornith-1.5-35B-A3B,bugfix,stop,102,55,1.85,47,61,77.0,"d1=43/52,d2=4/9,d3=0/0",1459.9,33.4,0.5,3.9
orn-S-bugfix,Ornith-1.5-35B-A3B,bugfix,stop,105,44,2.39,59,76,77.6,"d1=38/41,d2=16/30,d3=5/5",1345.2,38.1,0.4,3.3
orn-S-bugfix,Ornith-1.5-35B-A3B,bugfix,stop,109,45,2.42,64,80,80.0,"d1=37/42,d2=27/36,d3=0/2",1159.3,33.9,0.4,3.4
orn-S-bugfix,Ornith-1.5-35B-A3B,bugfix,stop,111,43,2.58,68,78,87.2,"d1=37/40,d2=30/36,d3=1/2",1069.6,62.9,1.2,3.9
orn-S-bugfix,Ornith-1.5-35B-A3B,bugfix,stop,112,49,2.29,60,80,75.0,"d1=43/46,d2=17/25,d3=0/9",1301.4,58.0,0.8,4.1
orn-S-bugfix,Ornith-1.5-35B-A3B,bugfix,stop,116,45,2.58,69,82,84.1,"d1=41/42,d2=28/40,d3=0/0",1164.7,34.2,0.5,3.3
orn-S-bugfix,Ornith-1.5-35B-A3B,bugfix,stop,119,48,2.48,71,89,79.8,"d1=40/45,d2=27/39,d3=4/5",1274.6,43.8,0.5,3.6
orn-S-bugfix,Ornith-1.5-35B-A3B,bugfix,stop,125,51,2.45,74,94,78.7,"d1=44/48,d2=28/43,d3=2/3",1338.5,43.4,0.5,3.8
orn-S-bugfix,Ornith-1.5-35B-A3B,bugfix,stop,128,64,2.0,62,83,74.7,"d1=51/61,d2=9/20,d3=2/2",1740.1,35.4,0.7,4.7
orn-S-bugfix,Ornith-1.5-35B-A3B,bugfix,stop,129,56,2.3,70,94,74.5,"d1=46/53,d2=23/39,d3=1/2",1440.8,46.2,0.6,4.3
orn-S-bugfix,Ornith-1.5-35B-A3B,bugfix,stop,130,69,1.88,59,77,76.6,"d1=56/66,d2=3/10,d3=0/1",1828.6,32.1,0.6,4.8
orn-S-bugfix,Ornith-1.5-35B-A3B,bugfix,stop,133,64,2.08,68,104,65.4,"d1=44/61,d2=24/43,d3=0/0",2021.2,59.0,0.9,5.7
orn-S-bugfix,Ornith-1.5-35B-A3B,bugfix,stop,138,52,2.65,86,99,86.9,"d1=47/49,d2=38/46,d3=1/4",1255.9,46.7,0.5,3.7
orn-S-bugfix,Ornith-1.5-35B-A3B,bugfix,stop,140,63,2.22,77,100,77.0,"d1=48/60,d2=28/38,d3=1/2",1883.8,42.2,0.6,4.6
orn-S-bugfix,Ornith-1.5-35B-A3B,bugfix,stop,144,59,2.44,83,107,77.6,"d1=50/56,d2=31/49,d3=2/2",1575.6,50.9,0.6,4.3
orn-S-bugfix,Ornith-1.5-35B-A3B,bugfix,parked,144,81,1.78,60,94,63.8,"d1=50/70,d2=9/22,d3=1/2",2196.5,44.0,0.8,6.1
orn-S-bugfix,Ornith-1.5-35B-A3B,bugfix,stop,156,77,2.03,77,101,76.2,"d1=62/74,d2=13/25,d3=2/2",2153.6,44.2,0.7,5.5
orn-S-bugfix,Ornith-1.5-35B-A3B,bugfix,stop,160,65,2.46,93,118,78.8,"d1=54/62,d2=35/50,d3=4/6",1716.7,125.7,1.4,6.5
orn-S-bugfix,Ornith-1.5-35B-A3B,bugfix,stop,160,72,2.22,85,111,76.6,"d1=56/69,d2=26/38,d3=3/4",2174.5,55.8,0.8,5.4
orn-S-bugfix,Ornith-1.5-35B-A3B,bugfix,stop,173,66,2.62,105,130,80.8,"d1=61/63,d2=40/60,d3=4/7",2063.8,61.7,0.6,5.0
orn-S-bugfix,Ornith-1.5-35B-A3B,bugfix,stop,177,93,1.9,82,99,82.8,"d1=77/90,d2=5/8,d3=0/1",2445.8,42.7,0.9,6.3
orn-S-bugfix,Ornith-1.5-35B-A3B,bugfix,stop,185,72,2.57,111,139,79.9,"d1=65/69,d2=42/64,d3=4/6",1751.4,58.5,0.7,5.3
orn-S-bugfix,Ornith-1.5-35B-A3B,bugfix,stop,210,117,1.79,91,125,72.8,"d1=88/114,d2=3/11,d3=0/0",3034.2,56.5,1.3,8.6
orn-S-bugfix,Ornith-1.5-35B-A3B,bugfix,stop,218,108,2.02,109,150,72.7,"d1=82/105,d2=27/44,d3=0/1",2935.7,63.9,1.1,8.0
orn-S-bugfix,Ornith-1.5-35B-A3B,bugfix,stop,226,99,2.28,125,145,86.2,"d1=88/96,d2=33/44,d3=4/5",2946.4,75.4,1.0,6.8
orn-S-bugfix,Ornith-1.5-35B-A3B,bugfix,stop,248,130,1.91,117,145,80.7,"d1=105/121,d2=12/23,d3=0/1",6448.8,97.6,1.5,9.4
orn-S-bugfix,Ornith-1.5-35B-A3B,bugfix,stop,255,134,1.9,119,162,73.5,"d1=101/131,d2=15/26,d3=3/5",3655.8,85.0,1.2,9.7
orn-S-bugfix,Ornith-1.5-35B-A3B,bugfix,stop,268,120,2.23,146,183,79.8,"d1=106/117,d2=38/61,d3=2/5",3394.1,78.3,1.2,8.7
orn-S-bugfix,Ornith-1.5-35B-A3B,bugfix,stop,274,118,2.32,154,199,77.4,"d1=96/115,d2=55/79,d3=3/5",3585.0,92.4,1.2,9.0
orn-S-bugfix,Ornith-1.5-35B-A3B,bugfix,stop,295,123,2.4,170,216,78.7,"d1=107/120,d2=58/88,d3=5/8",3329.4,119.4,1.6,9.5
orn-S-bugfix,Ornith-1.5-35B-A3B,bugfix,stop,301,157,1.92,143,193,74.1,"d1=126/154,d2=16/38,d3=1/1",3699.2,82.7,1.6,11.3
orn-S-bugfix,Ornith-1.5-35B-A3B,bugfix,stop,323,145,2.23,178,235,75.7,"d1=119/142,d2=59/91,d3=0/2",3822.1,101.5,1.4,10.8
orn-S-bugfix,Ornith-1.5-35B-A3B,bugfix,stop,345,140,2.46,204,262,77.9,"d1=116/137,d2=80/115,d3=8/10",3924.7,138.1,1.6,10.9
orn-S-bugfix,Ornith-1.5-35B-A3B,bugfix,stop,352,165,2.13,185,253,73.1,"d1=135/162,d2=47/87,d3=3/4",4772.1,116.2,1.7,12.6
orn-S-bugfix,Ornith-1.5-35B-A3B,bugfix,stop,381,199,1.91,180,242,74.4,"d1=157/196,d2=22/37,d3=1/9",5144.0,133.8,2.0,14.3
orn-S-bugfix,Ornith-1.5-35B-A3B,bugfix,stop,438,219,2.0,217,287,75.6,"d1=176/216,d2=38/65,d3=3/6",5459.5,133.6,2.1,16.0
orn-S-bugfix,Ornith-1.5-35B-A3B,bugfix,stop,443,176,2.52,265,321,82.6,"d1=164/173,d2=95/135,d3=6/13",4728.4,147.2,1.6,12.7
orn-S-bugfix,Ornith-1.5-35B-A3B,bugfix,stop,535,233,2.3,299,388,77.1,"d1=195/226,d2=100/153,d3=4/9",6286.6,174.5,2.4,17.4
orn-S-bugfix,Ornith-1.5-35B-A3B,bugfix,stop,567,258,2.2,309,397,77.8,"d1=217/251,d2=90/141,d3=2/5",6693.9,177.4,2.5,18.7
orn-S-bugfix,Ornith-1.5-35B-A3B,bugfix,stop,574,244,2.35,328,406,80.8,"d1=216/237,d2=95/143,d3=17/26",6433.3,198.8,2.2,17.3
orn-S-bugfix,Ornith-1.5-35B-A3B,bugfix,stop,594,262,2.27,329,416,79.1,"d1=219/255,d2=94/133,d3=16/28",7024.3,222.5,2.4,19.0
orn-S-bugfix,Ornith-1.5-35B-A3B,bugfix,stop,595,269,2.21,325,447,72.7,"d1=213/262,d2=108/176,d3=4/9",7494.4,199.9,2.7,21.1
orn-S-bugfix,Ornith-1.5-35B-A3B,bugfix,stop,632,292,2.16,337,456,73.9,"d1=233/285,d2=101/160,d3=3/11",8522.5,221.2,2.9,22.2
orn-S-bugfix,Ornith-1.5-35B-A3B,bugfix,stop,637,316,2.02,320,392,81.6,"d1=269/309,d2=43/66,d3=8/17",7841.3,214.4,3.0,22.0
orn-S-bugfix,Ornith-1.5-35B-A3B,bugfix,stop,684,300,2.28,383,529,72.4,"d1=253/293,d2=125/227,d3=5/9",9130.0,235.4,3.0,23.9
orn-S-bugfix,Ornith-1.5-35B-A3B,bugfix,stop,806,337,2.39,467,567,82.4,"d1=326/330,d2=136/227,d3=5/10",9322.4,236.0,3.5,24.9
orn-S-bugfix,Ornith-1.5-35B-A3B,bugfix,stop,806,344,2.34,458,586,78.2,"d1=297/337,d2=158/241,d3=3/8",8752.4,257.2,3.3,25.2
orn-S-bugfix,Ornith-1.5-35B-A3B,bugfix,stop,906,418,2.17,486,587,82.8,"d1=394/411,d2=81/150,d3=11/26",11402.3,307.6,4.9,29.8
orn-S-bugfix,Ornith-1.5-35B-A3B,bugfix,stop,907,423,2.14,481,598,80.4,"d1=393/412,d2=86/180,d3=2/6",11300.3,260.2,4.0,30.7
orn-S-bugfix,Ornith-1.5-35B-A3B,bugfix,stop,911,401,2.27,508,641,79.3,"d1=372/394,d2=131/237,d3=5/10",11159.0,273.6,3.8,29.8
orn-S-bugfix,Ornith-1.5-35B-A3B,bugfix,stop,928,423,2.19,505,620,81.5,"d1=379/416,d2=126/202,d3=0/2",11017.4,257.4,4.0,29.9
orn-S-bugfix,Ornith-1.5-35B-A3B,bugfix,stop,954,415,2.3,539,661,81.5,"d1=379/404,d2=159/252,d3=1/5",12045.5,266.0,3.9,29.2
orn-S-bugfix,Ornith-1.5-35B-A3B,bugfix,stop,1052,477,2.21,574,727,79.0,"d1=438/470,d2=132/250,d3=4/7",12846.8,311.7,4.9,35.4
orn-S-bugfix,Ornith-1.5-35B-A3B,bugfix,stop,1487,721,2.06,764,995,76.8,"d1=593/710,d2=164/266,d3=7/19",21203.7,470.8,7.8,53.0
orn-E-explain,Ornith-1.5-35B-A3B,explain,stop,23,10,2.3,13,16,81.2,"d1=7/7,d2=4/6,d3=2/3",195.5,16.1,0.2,0.5
orn-E-explain,Ornith-1.5-35B-A3B,explain,parked,24,22,1.09,0,4,0.0,"d1=0/4,d2=0/0,d3=0/0",483.0,6.3,0.2,1.6
orn-E-explain,Ornith-1.5-35B-A3B,explain,parked,42,27,1.56,13,26,50.0,"d1=12/24,d2=1/1,d3=0/1",664.9,13.1,0.3,2.2
orn-E-explain,Ornith-1.5-35B-A3B,explain,stop,45,25,1.8,19,26,73.1,"d1=18/22,d2=1/3,d3=0/1",1483.8,16.4,0.4,2.4
orn-E-explain,Ornith-1.5-35B-A3B,explain,parked,50,23,2.17,25,30,83.3,"d1=17/19,d2=7/8,d3=1/3",1549.2,33.7,0.5,2.1
orn-E-explain,Ornith-1.5-35B-A3B,explain,stop,63,27,2.33,34,48,70.8,"d1=22/24,d2=10/22,d3=2/2",712.3,26.9,0.6,2.8
orn-E-explain,Ornith-1.5-35B-A3B,explain,stop,66,27,2.44,37,46,80.4,"d1=22/24,d2=15/21,d3=0/1",648.2,32.1,0.4,2.0
orn-E-explain,Ornith-1.5-35B-A3B,explain,stop,70,36,1.94,33,38,86.8,"d1=29/33,d2=2/3,d3=2/2",929.1,16.5,0.4,2.3
orn-E-explain,Ornith-1.5-35B-A3B,explain,stop,70,27,2.59,43,48,89.6,"d1=23/24,d2=18/22,d3=2/2",823.3,21.6,0.3,1.8
orn-E-explain,Ornith-1.5-35B-A3B,explain,stop,75,29,2.59,46,56,82.1,"d1=24/26,d2=18/23,d3=4/7",951.6,31.7,0.3,2.1
orn-E-explain,Ornith-1.5-35B-A3B,explain,stop,79,37,2.14,42,46,91.3,"d1=33/34,d2=7/10,d3=2/2",1005.9,22.4,0.4,2.4
orn-E-explain,Ornith-1.5-35B-A3B,explain,stop,85,33,2.58,50,60,83.3,"d1=29/30,d2=20/28,d3=1/2",788.0,37.3,0.4,1.0
orn-E-explain,Ornith-1.5-35B-A3B,explain,stop,88,36,2.44,52,57,91.2,"d1=32/33,d2=20/24,d3=0/0",1087.1,26.7,0.4,2.3
orn-E-explain,Ornith-1.5-35B-A3B,explain,stop,96,50,1.92,46,55,83.6,"d1=41/47,d2=5/7,d3=0/1",1312.8,23.6,0.4,3.4
orn-E-explain,Ornith-1.5-35B-A3B,explain,stop,100,54,1.85,45,53,84.9,"d1=45/51,d2=0/2,d3=0/0",1147.8,29.2,0.5,3.5
orn-E-explain,Ornith-1.5-35B-A3B,explain,stop,101,41,2.46,57,71,80.3,"d1=36/38,d2=20/31,d3=1/2",1092.5,33.5,0.5,3.1
orn-E-explain,Ornith-1.5-35B-A3B,explain,stop,102,55,1.85,47,61,77.0,"d1=43/52,d2=4/9,d3=0/0",1459.9,33.4,0.5,3.9
orn-E-explain,Ornith-1.5-35B-A3B,explain,stop,105,44,2.39,59,76,77.6,"d1=38/41,d2=16/30,d3=5/5",1345.2,38.1,0.4,3.3
orn-E-explain,Ornith-1.5-35B-A3B,explain,stop,111,43,2.58,68,78,87.2,"d1=37/40,d2=30/36,d3=1/2",1069.6,62.9,1.2,3.9
orn-E-explain,Ornith-1.5-35B-A3B,explain,stop,112,49,2.29,60,80,75.0,"d1=43/46,d2=17/25,d3=0/9",1301.4,58.0,0.8,4.1
orn-E-explain,Ornith-1.5-35B-A3B,explain,stop,119,48,2.48,71,89,79.8,"d1=40/45,d2=27/39,d3=4/5",1274.6,43.8,0.5,3.6
orn-E-explain,Ornith-1.5-35B-A3B,explain,stop,128,64,2.0,62,83,74.7,"d1=51/61,d2=9/20,d3=2/2",1740.1,35.4,0.7,4.7
orn-E-explain,Ornith-1.5-35B-A3B,explain,stop,130,69,1.88,59,77,76.6,"d1=56/66,d2=3/10,d3=0/1",1828.6,32.1,0.6,4.8
orn-E-explain,Ornith-1.5-35B-A3B,explain,stop,133,64,2.08,68,104,65.4,"d1=44/61,d2=24/43,d3=0/0",2021.2,59.0,0.9,5.7
orn-E-explain,Ornith-1.5-35B-A3B,explain,stop,140,63,2.22,77,100,77.0,"d1=48/60,d2=28/38,d3=1/2",1883.8,42.2,0.6,4.6
orn-E-explain,Ornith-1.5-35B-A3B,explain,stop,144,59,2.44,83,107,77.6,"d1=50/56,d2=31/49,d3=2/2",1575.6,50.9,0.6,4.3
orn-E-explain,Ornith-1.5-35B-A3B,explain,parked,144,81,1.78,60,94,63.8,"d1=50/70,d2=9/22,d3=1/2",2196.5,44.0,0.8,6.1
orn-E-explain,Ornith-1.5-35B-A3B,explain,stop,156,77,2.03,77,101,76.2,"d1=62/74,d2=13/25,d3=2/2",2153.6,44.2,0.7,5.5
orn-E-explain,Ornith-1.5-35B-A3B,explain,stop,160,65,2.46,93,118,78.8,"d1=54/62,d2=35/50,d3=4/6",1716.7,125.7,1.4,6.5
orn-E-explain,Ornith-1.5-35B-A3B,explain,stop,160,72,2.22,85,111,76.6,"d1=56/69,d2=26/38,d3=3/4",2174.5,55.8,0.8,5.4
orn-E-explain,Ornith-1.5-35B-A3B,explain,stop,173,66,2.62,105,130,80.8,"d1=61/63,d2=40/60,d3=4/7",2063.8,61.7,0.6,5.0
orn-E-explain,Ornith-1.5-35B-A3B,explain,stop,177,93,1.9,82,99,82.8,"d1=77/90,d2=5/8,d3=0/1",2445.8,42.7,0.9,6.3
orn-E-explain,Ornith-1.5-35B-A3B,explain,stop,210,117,1.79,91,125,72.8,"d1=88/114,d2=3/11,d3=0/0",3034.2,56.5,1.3,8.6
orn-E-explain,Ornith-1.5-35B-A3B,explain,stop,218,108,2.02,109,150,72.7,"d1=82/105,d2=27/44,d3=0/1",2935.7,63.9,1.1,8.0
orn-E-explain,Ornith-1.5-35B-A3B,explain,stop,226,99,2.28,125,145,86.2,"d1=88/96,d2=33/44,d3=4/5",2946.4,75.4,1.0,6.8
orn-E-explain,Ornith-1.5-35B-A3B,explain,stop,248,130,1.91,117,145,80.7,"d1=105/121,d2=12/23,d3=0/1",6448.8,97.6,1.5,9.4
orn-E-explain,Ornith-1.5-35B-A3B,explain,stop,255,134,1.9,119,162,73.5,"d1=101/131,d2=15/26,d3=3/5",3655.8,85.0,1.2,9.7
orn-E-explain,Ornith-1.5-35B-A3B,explain,stop,268,120,2.23,146,183,79.8,"d1=106/117,d2=38/61,d3=2/5",3394.1,78.3,1.2,8.7
orn-E-explain,Ornith-1.5-35B-A3B,explain,stop,274,118,2.32,154,199,77.4,"d1=96/115,d2=55/79,d3=3/5",3585.0,92.4,1.2,9.0
orn-E-explain,Ornith-1.5-35B-A3B,explain,stop,295,123,2.4,170,216,78.7,"d1=107/120,d2=58/88,d3=5/8",3329.4,119.4,1.6,9.5
orn-E-explain,Ornith-1.5-35B-A3B,explain,stop,323,145,2.23,178,235,75.7,"d1=119/142,d2=59/91,d3=0/2",3822.1,101.5,1.4,10.8
orn-E-explain,Ornith-1.5-35B-A3B,explain,stop,345,140,2.46,204,262,77.9,"d1=116/137,d2=80/115,d3=8/10",3924.7,138.1,1.6,10.9
orn-E-explain,Ornith-1.5-35B-A3B,explain,stop,352,165,2.13,185,253,73.1,"d1=135/162,d2=47/87,d3=3/4",4772.1,116.2,1.7,12.6
orn-E-explain,Ornith-1.5-35B-A3B,explain,stop,381,199,1.91,180,242,74.4,"d1=157/196,d2=22/37,d3=1/9",5144.0,133.8,2.0,14.3
orn-E-explain,Ornith-1.5-35B-A3B,explain,stop,438,219,2.0,217,287,75.6,"d1=176/216,d2=38/65,d3=3/6",5459.5,133.6,2.1,16.0
orn-E-explain,Ornith-1.5-35B-A3B,explain,stop,443,176,2.52,265,321,82.6,"d1=164/173,d2=95/135,d3=6/13",4728.4,147.2,1.6,12.7
orn-E-explain,Ornith-1.5-35B-A3B,explain,stop,535,233,2.3,299,388,77.1,"d1=195/226,d2=100/153,d3=4/9",6286.6,174.5,2.4,17.4
orn-E-explain,Ornith-1.5-35B-A3B,explain,stop,567,258,2.2,309,397,77.8,"d1=217/251,d2=90/141,d3=2/5",6693.9,177.4,2.5,18.7
orn-E-explain,Ornith-1.5-35B-A3B,explain,stop,574,244,2.35,328,406,80.8,"d1=216/237,d2=95/143,d3=17/26",6433.3,198.8,2.2,17.3
orn-E-explain,Ornith-1.5-35B-A3B,explain,stop,594,262,2.27,329,416,79.1,"d1=219/255,d2=94/133,d3=16/28",7024.3,222.5,2.4,19.0
orn-E-explain,Ornith-1.5-35B-A3B,explain,stop,595,269,2.21,325,447,72.7,"d1=213/262,d2=108/176,d3=4/9",7494.4,199.9,2.7,21.1
orn-E-explain,Ornith-1.5-35B-A3B,explain,stop,632,292,2.16,337,456,73.9,"d1=233/285,d2=101/160,d3=3/11",8522.5,221.2,2.9,22.2
orn-E-explain,Ornith-1.5-35B-A3B,explain,stop,637,316,2.02,320,392,81.6,"d1=269/309,d2=43/66,d3=8/17",7841.3,214.4,3.0,22.0
orn-E-explain,Ornith-1.5-35B-A3B,explain,stop,684,300,2.28,383,529,72.4,"d1=253/293,d2=125/227,d3=5/9",9130.0,235.4,3.0,23.9
orn-E-explain,Ornith-1.5-35B-A3B,explain,stop,806,337,2.39,467,567,82.4,"d1=326/330,d2=136/227,d3=5/10",9322.4,236.0,3.5,24.9
orn-E-explain,Ornith-1.5-35B-A3B,explain,stop,906,418,2.17,486,587,82.8,"d1=394/411,d2=81/150,d3=11/26",11402.3,307.6,4.9,29.8
orn-E-explain,Ornith-1.5-35B-A3B,explain,stop,907,423,2.14,481,598,80.4,"d1=393/412,d2=86/180,d3=2/6",11300.3,260.2,4.0,30.7
orn-E-explain,Ornith-1.5-35B-A3B,explain,stop,911,401,2.27,508,641,79.3,"d1=372/394,d2=131/237,d3=5/10",11159.0,273.6,3.8,29.8
orn-E-explain,Ornith-1.5-35B-A3B,explain,stop,928,423,2.19,505,620,81.5,"d1=379/416,d2=126/202,d3=0/2",11017.4,257.4,4.0,29.9
orn-E-explain,Ornith-1.5-35B-A3B,explain,stop,954,415,2.3,539,661,81.5,"d1=379/404,d2=159/252,d3=1/5",12045.5,266.0,3.9,29.2
orn-E-explain,Ornith-1.5-35B-A3B,explain,stop,1052,477,2.21,574,727,79.0,"d1=438/470,d2=132/250,d3=4/7",12846.8,311.7,4.9,35.4
orn-E-explain,Ornith-1.5-35B-A3B,explain,stop,1487,721,2.06,764,995,76.8,"d1=593/710,d2=164/266,d3=7/19",21203.7,470.8,7.8,53.0
orn-F-feature,Ornith-1.5-35B-A3B,feature,stop,21,9,2.33,11,12,91.7,"d1=6/6,d2=4/5,d3=1/1",158.7,6.8,0.1,0.7
orn-F-feature,Ornith-1.5-35B-A3B,feature,stop,21,9,2.33,10,12,83.3,"d1=6/6,d2=3/5,d3=1/1",160.4,6.7,0.1,0.7
orn-F-feature,Ornith-1.5-35B-A3B,feature,stop,23,10,2.3,13,16,81.2,"d1=7/7,d2=4/6,d3=2/3",195.5,16.1,0.2,0.5
orn-F-feature,Ornith-1.5-35B-A3B,feature,parked,24,22,1.09,0,4,0.0,"d1=0/4,d2=0/0,d3=0/0",483.0,6.3,0.2,1.6
orn-F-feature,Ornith-1.5-35B-A3B,feature,parked,42,27,1.56,13,26,50.0,"d1=12/24,d2=1/1,d3=0/1",664.9,13.1,0.3,2.2
orn-F-feature,Ornith-1.5-35B-A3B,feature,stop,45,25,1.8,19,26,73.1,"d1=18/22,d2=1/3,d3=0/1",1483.8,16.4,0.4,2.4
orn-F-feature,Ornith-1.5-35B-A3B,feature,stop,48,24,2.0,22,30,73.3,"d1=20/21,d2=2/8,d3=0/1",534.6,13.4,0.2,1.8
orn-F-feature,Ornith-1.5-35B-A3B,feature,parked,50,23,2.17,25,30,83.3,"d1=17/19,d2=7/8,d3=1/3",1549.2,33.7,0.5,2.1
orn-F-feature,Ornith-1.5-35B-A3B,feature,stop,63,27,2.33,34,48,70.8,"d1=22/24,d2=10/22,d3=2/2",712.3,26.9,0.6,2.8
orn-F-feature,Ornith-1.5-35B-A3B,feature,stop,64,26,2.46,36,44,81.8,"d1=21/23,d2=14/20,d3=1/1",679.6,20.3,0.4,2.1
orn-F-feature,Ornith-1.5-35B-A3B,feature,stop,66,27,2.44,37,46,80.4,"d1=22/24,d2=15/21,d3=0/1",648.2,32.1,0.4,2.0
orn-F-feature,Ornith-1.5-35B-A3B,feature,stop,70,36,1.94,33,38,86.8,"d1=29/33,d2=2/3,d3=2/2",929.1,16.5,0.4,2.3
orn-F-feature,Ornith-1.5-35B-A3B,feature,stop,70,27,2.59,43,48,89.6,"d1=23/24,d2=18/22,d3=2/2",823.3,21.6,0.3,1.8
orn-F-feature,Ornith-1.5-35B-A3B,feature,stop,75,29,2.59,46,56,82.1,"d1=24/26,d2=18/23,d3=4/7",951.6,31.7,0.3,2.1
orn-F-feature,Ornith-1.5-35B-A3B,feature,stop,75,29,2.59,44,52,84.6,"d1=25/26,d2=18/24,d3=1/2",709.6,23.0,0.4,2.2
orn-F-feature,Ornith-1.5-35B-A3B,feature,stop,77,29,2.66,48,53,90.6,"d1=26/26,d2=21/25,d3=1/2",738.8,21.2,0.3,2.0
orn-F-feature,Ornith-1.5-35B-A3B,feature,stop,79,37,2.14,42,46,91.3,"d1=33/34,d2=7/10,d3=2/2",1005.9,22.4,0.4,2.4
orn-F-feature,Ornith-1.5-35B-A3B,feature,stop,85,33,2.58,50,60,83.3,"d1=29/30,d2=20/28,d3=1/2",788.0,37.3,0.4,1.0
orn-F-feature,Ornith-1.5-35B-A3B,feature,stop,88,36,2.44,52,57,91.2,"d1=32/33,d2=20/24,d3=0/0",1087.1,26.7,0.4,2.3
orn-F-feature,Ornith-1.5-35B-A3B,feature,stop,89,37,2.41,52,66,78.8,"d1=32/34,d2=20/31,d3=0/1",948.9,28.8,0.4,2.8
orn-F-feature,Ornith-1.5-35B-A3B,feature,stop,96,50,1.92,46,55,83.6,"d1=41/47,d2=5/7,d3=0/1",1312.8,23.6,0.4,3.4
orn-F-feature,Ornith-1.5-35B-A3B,feature,stop,98,40,2.45,57,73,78.1,"d1=35/37,d2=22/34,d3=0/2",1022.9,30.0,0.5,3.1
orn-F-feature,Ornith-1.5-35B-A3B,feature,stop,100,54,1.85,45,53,84.9,"d1=45/51,d2=0/2,d3=0/0",1147.8,29.2,0.5,3.5
orn-F-feature,Ornith-1.5-35B-A3B,feature,stop,101,41,2.46,57,71,80.3,"d1=36/38,d2=20/31,d3=1/2",1092.5,33.5,0.5,3.1
orn-F-feature,Ornith-1.5-35B-A3B,feature,stop,102,55,1.85,47,61,77.0,"d1=43/52,d2=4/9,d3=0/0",1459.9,33.4,0.5,3.9
orn-F-feature,Ornith-1.5-35B-A3B,feature,stop,103,45,2.29,56,77,72.7,"d1=33/42,d2=23/33,d3=0/2",1193.0,37.8,0.4,3.5
orn-F-feature,Ornith-1.5-35B-A3B,feature,stop,105,44,2.39,59,76,77.6,"d1=38/41,d2=16/30,d3=5/5",1345.2,38.1,0.4,3.3
orn-F-feature,Ornith-1.5-35B-A3B,feature,stop,109,45,2.42,64,80,80.0,"d1=37/42,d2=27/36,d3=0/2",1159.3,33.9,0.4,3.4
orn-F-feature,Ornith-1.5-35B-A3B,feature,stop,111,43,2.58,68,78,87.2,"d1=37/40,d2=30/36,d3=1/2",1069.6,62.9,1.2,3.9
orn-F-feature,Ornith-1.5-35B-A3B,feature,stop,112,49,2.29,60,80,75.0,"d1=43/46,d2=17/25,d3=0/9",1301.4,58.0,0.8,4.1
orn-F-feature,Ornith-1.5-35B-A3B,feature,stop,113,47,2.4,64,82,78.0,"d1=37/44,d2=26/36,d3=1/2",1225.1,41.0,0.5,3.6
orn-F-feature,Ornith-1.5-35B-A3B,feature,stop,116,45,2.58,69,82,84.1,"d1=41/42,d2=28/40,d3=0/0",1164.7,34.2,0.5,3.3
orn-F-feature,Ornith-1.5-35B-A3B,feature,stop,119,48,2.48,71,89,79.8,"d1=40/45,d2=27/39,d3=4/5",1274.6,43.8,0.5,3.6
orn-F-feature,Ornith-1.5-35B-A3B,feature,stop,120,45,2.67,74,84,88.1,"d1=42/42,d2=32/41,d3=0/1",1068.8,34.7,0.4,3.1
orn-F-feature,Ornith-1.5-35B-A3B,feature,stop,125,51,2.45,74,94,78.7,"d1=44/48,d2=28/43,d3=2/3",1338.5,43.4,0.5,3.8
orn-F-feature,Ornith-1.5-35B-A3B,feature,stop,128,64,2.0,62,83,74.7,"d1=51/61,d2=9/20,d3=2/2",1740.1,35.4,0.7,4.7
orn-F-feature,Ornith-1.5-35B-A3B,feature,stop,129,56,2.3,70,94,74.5,"d1=46/53,d2=23/39,d3=1/2",1440.8,46.2,0.6,4.3
orn-F-feature,Ornith-1.5-35B-A3B,feature,stop,130,69,1.88,59,77,76.6,"d1=56/66,d2=3/10,d3=0/1",1828.6,32.1,0.6,4.8
orn-F-feature,Ornith-1.5-35B-A3B,feature,stop,130,54,2.41,76,94,80.9,"d1=47/51,d2=29/42,d3=0/1",1288.9,40.7,0.6,4.0
orn-F-feature,Ornith-1.5-35B-A3B,feature,stop,130,65,2.0,63,76,82.9,"d1=60/62,d2=3/13,d3=0/1",1477.2,31.9,0.6,4.4
orn-F-feature,Ornith-1.5-35B-A3B,feature,stop,133,64,2.08,68,104,65.4,"d1=44/61,d2=24/43,d3=0/0",2021.2,59.0,0.9,5.7
orn-F-feature,Ornith-1.5-35B-A3B,feature,stop,138,52,2.65,86,99,86.9,"d1=47/49,d2=38/46,d3=1/4",1255.9,46.7,0.5,3.7
orn-F-feature,Ornith-1.5-35B-A3B,feature,stop,140,63,2.22,77,100,77.0,"d1=48/60,d2=28/38,d3=1/2",1883.8,42.2,0.6,4.6
orn-F-feature,Ornith-1.5-35B-A3B,feature,stop,144,59,2.44,83,107,77.6,"d1=50/56,d2=31/49,d3=2/2",1575.6,50.9,0.6,4.3
orn-F-feature,Ornith-1.5-35B-A3B,feature,parked,144,81,1.78,60,94,63.8,"d1=50/70,d2=9/22,d3=1/2",2196.5,44.0,0.8,6.1
orn-F-feature,Ornith-1.5-35B-A3B,feature,stop,156,77,2.03,77,101,76.2,"d1=62/74,d2=13/25,d3=2/2",2153.6,44.2,0.7,5.5
orn-F-feature,Ornith-1.5-35B-A3B,feature,stop,160,65,2.46,93,118,78.8,"d1=54/62,d2=35/50,d3=4/6",1716.7,125.7,1.4,6.5
orn-F-feature,Ornith-1.5-35B-A3B,feature,stop,160,72,2.22,85,111,76.6,"d1=56/69,d2=26/38,d3=3/4",2174.5,55.8,0.8,5.4
orn-F-feature,Ornith-1.5-35B-A3B,feature,stop,171,72,2.38,97,118,82.2,"d1=69/69,d2=27/46,d3=1/3",1825.5,54.8,0.6,5.1
orn-F-feature,Ornith-1.5-35B-A3B,feature,stop,173,66,2.62,105,130,80.8,"d1=61/63,d2=40/60,d3=4/7",2063.8,61.7,0.6,5.0
orn-F-feature,Ornith-1.5-35B-A3B,feature,stop,177,93,1.9,82,99,82.8,"d1=77/90,d2=5/8,d3=0/1",2445.8,42.7,0.9,6.3
orn-F-feature,Ornith-1.5-35B-A3B,feature,stop,180,85,2.12,93,110,84.5,"d1=78/82,d2=15/27,d3=0/1",1903.4,54.6,0.9,6.1
orn-F-feature,Ornith-1.5-35B-A3B,feature,stop,185,72,2.57,111,139,79.9,"d1=65/69,d2=42/64,d3=4/6",1751.4,58.5,0.7,5.3
orn-F-feature,Ornith-1.5-35B-A3B,feature,stop,210,117,1.79,91,125,72.8,"d1=88/114,d2=3/11,d3=0/0",3034.2,56.5,1.3,8.6
orn-F-feature,Ornith-1.5-35B-A3B,feature,stop,218,108,2.02,109,150,72.7,"d1=82/105,d2=27/44,d3=0/1",2935.7,63.9,1.1,8.0
orn-F-feature,Ornith-1.5-35B-A3B,feature,stop,226,99,2.28,125,145,86.2,"d1=88/96,d2=33/44,d3=4/5",2946.4,75.4,1.0,6.8
orn-F-feature,Ornith-1.5-35B-A3B,feature,stop,231,107,2.16,122,168,72.6,"d1=87/104,d2=34/61,d3=1/3",2780.5,76.9,1.0,8.0
orn-F-feature,Ornith-1.5-35B-A3B,feature,stop,248,130,1.91,117,145,80.7,"d1=105/121,d2=12/23,d3=0/1",6448.8,97.6,1.5,9.4
orn-F-feature,Ornith-1.5-35B-A3B,feature,stop,255,134,1.9,119,162,73.5,"d1=101/131,d2=15/26,d3=3/5",3655.8,85.0,1.2,9.7
orn-F-feature,Ornith-1.5-35B-A3B,feature,stop,268,120,2.23,146,183,79.8,"d1=106/117,d2=38/61,d3=2/5",3394.1,78.3,1.2,8.7
orn-F-feature,Ornith-1.5-35B-A3B,feature,stop,274,118,2.32,154,199,77.4,"d1=96/115,d2=55/79,d3=3/5",3585.0,92.4,1.2,9.0
orn-F-feature,Ornith-1.5-35B-A3B,feature,stop,295,123,2.4,170,216,78.7,"d1=107/120,d2=58/88,d3=5/8",3329.4,119.4,1.6,9.5
orn-F-feature,Ornith-1.5-35B-A3B,feature,stop,301,157,1.92,143,193,74.1,"d1=126/154,d2=16/38,d3=1/1",3699.2,82.7,1.6,11.3
orn-F-feature,Ornith-1.5-35B-A3B,feature,stop,323,145,2.23,178,235,75.7,"d1=119/142,d2=59/91,d3=0/2",3822.1,101.5,1.4,10.8
orn-F-feature,Ornith-1.5-35B-A3B,feature,stop,345,140,2.46,204,262,77.9,"d1=116/137,d2=80/115,d3=8/10",3924.7,138.1,1.6,10.9
orn-F-feature,Ornith-1.5-35B-A3B,feature,stop,352,165,2.13,185,253,73.1,"d1=135/162,d2=47/87,d3=3/4",4772.1,116.2,1.7,12.6
orn-F-feature,Ornith-1.5-35B-A3B,feature,stop,381,199,1.91,180,242,74.4,"d1=157/196,d2=22/37,d3=1/9",5144.0,133.8,2.0,14.3
orn-F-feature,Ornith-1.5-35B-A3B,feature,stop,383,188,2.04,192,216,88.9,"d1=181/185,d2=11/30,d3=0/1",4275.1,89.1,1.9,12.4
orn-F-feature,Ornith-1.5-35B-A3B,feature,stop,438,219,2.0,217,287,75.6,"d1=176/216,d2=38/65,d3=3/6",5459.5,133.6,2.1,16.0
orn-F-feature,Ornith-1.5-35B-A3B,feature,stop,443,176,2.52,265,321,82.6,"d1=164/173,d2=95/135,d3=6/13",4728.4,147.2,1.6,12.7
orn-F-feature,Ornith-1.5-35B-A3B,feature,stop,479,236,2.03,241,335,71.9,"d1=177/229,d2=63/102,d3=1/4",5950.5,147.0,2.1,17.3
orn-F-feature,Ornith-1.5-35B-A3B,feature,stop,535,233,2.3,299,388,77.1,"d1=195/226,d2=100/153,d3=4/9",6286.6,174.5,2.4,17.4
orn-F-feature,Ornith-1.5-35B-A3B,feature,stop,567,258,2.2,309,397,77.8,"d1=217/251,d2=90/141,d3=2/5",6693.9,177.4,2.5,18.7
orn-F-feature,Ornith-1.5-35B-A3B,feature,stop,574,244,2.35,328,406,80.8,"d1=216/237,d2=95/143,d3=17/26",6433.3,198.8,2.2,17.3
orn-F-feature,Ornith-1.5-35B-A3B,feature,stop,594,262,2.27,329,416,79.1,"d1=219/255,d2=94/133,d3=16/28",7024.3,222.5,2.4,19.0
orn-F-feature,Ornith-1.5-35B-A3B,feature,stop,595,269,2.21,325,447,72.7,"d1=213/262,d2=108/176,d3=4/9",7494.4,199.9,2.7,21.1
orn-F-feature,Ornith-1.5-35B-A3B,feature,stop,632,292,2.16,337,456,73.9,"d1=233/285,d2=101/160,d3=3/11",8522.5,221.2,2.9,22.2
orn-F-feature,Ornith-1.5-35B-A3B,feature,stop,637,316,2.02,320,392,81.6,"d1=269/309,d2=43/66,d3=8/17",7841.3,214.4,3.0,22.0
orn-F-feature,Ornith-1.5-35B-A3B,feature,stop,684,300,2.28,383,529,72.4,"d1=253/293,d2=125/227,d3=5/9",9130.0,235.4,3.0,23.9
orn-F-feature,Ornith-1.5-35B-A3B,feature,stop,806,337,2.39,467,567,82.4,"d1=326/330,d2=136/227,d3=5/10",9322.4,236.0,3.5,24.9
orn-F-feature,Ornith-1.5-35B-A3B,feature,stop,806,344,2.34,458,586,78.2,"d1=297/337,d2=158/241,d3=3/8",8752.4,257.2,3.3,25.2
orn-F-feature,Ornith-1.5-35B-A3B,feature,stop,906,418,2.17,486,587,82.8,"d1=394/411,d2=81/150,d3=11/26",11402.3,307.6,4.9,29.8
orn-F-feature,Ornith-1.5-35B-A3B,feature,stop,907,423,2.14,481,598,80.4,"d1=393/412,d2=86/180,d3=2/6",11300.3,260.2,4.0,30.7
orn-F-feature,Ornith-1.5-35B-A3B,feature,stop,911,401,2.27,508,641,79.3,"d1=372/394,d2=131/237,d3=5/10",11159.0,273.6,3.8,29.8
orn-F-feature,Ornith-1.5-35B-A3B,feature,stop,928,423,2.19,505,620,81.5,"d1=379/416,d2=126/202,d3=0/2",11017.4,257.4,4.0,29.9
orn-F-feature,Ornith-1.5-35B-A3B,feature,stop,954,415,2.3,539,661,81.5,"d1=379/404,d2=159/252,d3=1/5",12045.5,266.0,3.9,29.2
orn-F-feature,Ornith-1.5-35B-A3B,feature,stop,971,439,2.21,531,673,78.9,"d1=384/432,d2=141/226,d3=6/15",10879.7,298.1,4.5,31.9
orn-F-feature,Ornith-1.5-35B-A3B,feature,stop,1052,477,2.21,574,727,79.0,"d1=438/470,d2=132/250,d3=4/7",12846.8,311.7,4.9,35.4
orn-F-feature,Ornith-1.5-35B-A3B,feature,stop,1169,467,2.5,700,860,81.4,"d1=452/460,d2=242/385,d3=6/15",12237.1,348.6,4.3,33.8
orn-F-feature,Ornith-1.5-35B-A3B,feature,stop,1487,721,2.06,764,995,76.8,"d1=593/710,d2=164/266,d3=7/19",21203.7,470.8,7.8,53.0
orn2-micro-r1,Ornith-1.5-35B-A3B,micro,stop,150,67,2.24,83,117,70.9,"d1=49/64,d2=33/48,d3=1/5",1257.2,55.1,0.7,2.9
orn2-micro-r1,Ornith-1.5-35B-A3B,micro,stop,209,85,2.46,122,152,80.3,"d1=74/82,d2=47/69,d3=1/1",2119.3,112.5,0.8,6.2
orn2-micro-r1,Ornith-1.5-35B-A3B,micro,stop,239,113,2.12,125,164,76.2,"d1=95/110,d2=28/52,d3=2/2",2557.8,91.9,1.0,3.4
orn2-micro-r1,Ornith-1.5-35B-A3B,micro,length,700,288,2.43,410,614,66.8,"d1=212/277,d2=129/211,d3=69/126",6240.8,646.8,2.6,15.3
orn2-micro-r1,Ornith-1.5-35B-A3B,micro,length,1400,631,2.22,769,1082,71.1,"d1=482/624,d2=275/439,d3=12/19",11677.9,494.0,4.9,24.0
orn2-micro-r1,Ornith-1.5-35B-A3B,micro,length,1400,611,2.29,787,1041,75.6,"d1=506/604,d2=271/419,d3=10/18",11146.3,451.3,4.6,20.6
orn2-micro-r2,Ornith-1.5-35B-A3B,micro,stop,72,36,2.0,34,37,91.9,"d1=32/33,d2=2/3,d3=0/1",735.1,21.0,0.4,2.4
orn2-micro-r2,Ornith-1.5-35B-A3B,micro,stop,150,67,2.24,83,117,70.9,"d1=49/64,d2=33/48,d3=1/5",1257.2,55.1,0.7,2.9
orn2-micro-r2,Ornith-1.5-35B-A3B,micro,stop,192,86,2.23,104,150,69.3,"d1=64/83,d2=38/63,d3=2/4",1613.5,72.0,1.0,7.0
orn2-micro-r2,Ornith-1.5-35B-A3B,micro,stop,209,85,2.46,122,152,80.3,"d1=74/82,d2=47/69,d3=1/1",2119.3,112.5,0.8,6.2
orn2-micro-r2,Ornith-1.5-35B-A3B,micro,stop,239,113,2.12,125,164,76.2,"d1=95/110,d2=28/52,d3=2/2",2557.8,91.9,1.0,3.4
orn2-micro-r2,Ornith-1.5-35B-A3B,micro,stop,282,117,2.41,163,202,80.7,"d1=102/114,d2=57/81,d3=4/7",2905.4,169.0,1.1,8.4
orn2-micro-r2,Ornith-1.5-35B-A3B,micro,stop,295,135,2.19,160,200,80.0,"d1=119/132,d2=40/66,d3=1/2",3010.9,108.1,1.2,9.4
orn2-micro-r2,Ornith-1.5-35B-A3B,micro,length,700,288,2.43,410,614,66.8,"d1=212/277,d2=129/211,d3=69/126",6240.8,646.8,2.6,15.3
orn2-micro-r2,Ornith-1.5-35B-A3B,micro,length,1400,631,2.22,769,1082,71.1,"d1=482/624,d2=275/439,d3=12/19",11677.9,494.0,4.9,24.0
orn2-micro-r2,Ornith-1.5-35B-A3B,micro,length,1400,611,2.29,787,1041,75.6,"d1=506/604,d2=271/419,d3=10/18",11146.3,451.3,4.6,20.6
orn2-nothink-r1,Ornith-1.5-35B-A3B,micro-nothink,stop,27,12,2.25,13,19,68.4,"d1=8/9,d2=4/7,d3=1/3",231.2,18.4,0.1,0.5
orn2-nothink-r1,Ornith-1.5-35B-A3B,micro-nothink,stop,76,32,2.38,42,54,77.8,"d1=24/29,d2=17/23,d3=1/2",804.9,44.9,0.4,2.6
orn2-nothink-r1,Ornith-1.5-35B-A3B,micro-nothink,stop,137,54,2.54,83,104,79.8,"d1=49/51,d2=32/48,d3=2/5",1313.0,73.0,0.8,2.1
orn2-nothink-r2,Ornith-1.5-35B-A3B,micro-nothink,stop,27,12,2.25,13,19,68.4,"d1=8/9,d2=4/7,d3=1/3",231.2,18.4,0.1,0.5
orn2-nothink-r2,Ornith-1.5-35B-A3B,micro-nothink,stop,27,12,2.25,13,17,76.5,"d1=9/9,d2=4/8,d3=0/0",224.4,10.5,0.3,1.1
orn2-nothink-r2,Ornith-1.5-35B-A3B,micro-nothink,stop,76,32,2.38,42,54,77.8,"d1=24/29,d2=17/23,d3=1/2",804.9,44.9,0.4,2.6
orn2-nothink-r2,Ornith-1.5-35B-A3B,micro-nothink,stop,137,54,2.54,83,104,79.8,"d1=49/51,d2=32/48,d3=2/5",1313.0,73.0,0.8,2.1
orn2-nothink-r2,Ornith-1.5-35B-A3B,micro-nothink,stop,147,60,2.45,85,110,77.3,"d1=52/57,d2=32/51,d3=1/2",1517.9,90.3,0.7,4.6
orn2-nothink-r2,Ornith-1.5-35B-A3B,micro-nothink,stop,173,68,2.54,105,131,80.2,"d1=61/65,d2=40/60,d3=4/6",1666.4,93.5,0.6,4.9
dec-orn-C,Ornith-1.5-35B-A3B,root-cause,stop,22,9,2.44,11,13,84.6,"d1=5/6,d2=3/4,d3=3/3",166.0,11.4,0.1,0.2
dec-orn-C,Ornith-1.5-35B-A3B,root-cause,stop,46,21,2.19,23,36,63.9,"d1=17/18,d2=6/17,d3=0/1",520.4,15.2,0.2,1.7
dec-orn-C,Ornith-1.5-35B-A3B,root-cause,stop,67,28,2.39,37,49,75.5,"d1=23/25,d2=14/22,d3=0/2",677.6,31.7,0.3,2.2
dec-orn-C,Ornith-1.5-35B-A3B,root-cause,stop,67,27,2.48,38,46,82.6,"d1=22/24,d2=15/21,d3=1/1",683.8,19.9,0.3,1.9
dec-orn-C,Ornith-1.5-35B-A3B,root-cause,stop,70,30,2.33,39,52,75.0,"d1=24/27,d2=15/24,d3=0/1",765.6,24.2,0.4,2.4
dec-orn-C,Ornith-1.5-35B-A3B,root-cause,stop,72,29,2.48,41,51,80.4,"d1=24/26,d2=17/24,d3=0/1",728.6,22.7,0.3,2.1
dec-orn-C,Ornith-1.5-35B-A3B,root-cause,stop,73,37,1.97,35,44,79.5,"d1=33/34,d2=2/9,d3=0/1",834.4,21.0,0.4,2.6
dec-orn-C,Ornith-1.5-35B-A3B,root-cause,stop,73,31,2.35,41,57,71.9,"d1=28/28,d2=13/27,d3=0/2",790.1,24.2,0.3,2.5
dec-orn-C,Ornith-1.5-35B-A3B,root-cause,stop,73,29,2.52,42,51,82.4,"d1=24/26,d2=17/24,d3=1/1",854.6,21.0,0.3,2.1
dec-orn-C,Ornith-1.5-35B-A3B,root-cause,stop,80,30,2.67,48,54,88.9,"d1=27/27,d2=20/26,d3=1/1",721.8,23.9,0.3,2.0
dec-orn-C,Ornith-1.5-35B-A3B,root-cause,stop,92,37,2.49,54,66,81.8,"d1=32/34,d2=22/31,d3=0/1",943.0,28.5,0.4,2.7
dec-orn-C,Ornith-1.5-35B-A3B,root-cause,stop,92,46,2.0,45,54,83.3,"d1=40/43,d2=4/9,d3=1/2",1208.3,25.3,0.6,3.3
dec-orn-C,Ornith-1.5-35B-A3B,root-cause,stop,100,39,2.56,59,71,83.1,"d1=34/36,d2=24/33,d3=1/2",934.3,44.6,0.4,1.1
dec-orn-C,Ornith-1.5-35B-A3B,root-cause,stop,102,55,1.85,45,54,83.3,"d1=45/52,d2=0/2,d3=0/0",1187.8,24.9,0.5,3.6
dec-orn-C,Ornith-1.5-35B-A3B,root-cause,stop,131,55,2.38,74,94,78.7,"d1=51/52,d2=22/41,d3=1/1",1372.5,35.8,0.5,3.9
dec-orn-C,Ornith-1.5-35B-A3B,root-cause,stop,174,76,2.29,96,125,76.8,"d1=61/73,d2=34/51,d3=1/1",2038.6,53.6,0.9,5.8
dec-orn-C,Ornith-1.5-35B-A3B,root-cause,stop,205,95,2.16,108,139,77.7,"d1=81/92,d2=27/46,d3=0/1",2618.8,56.2,1.0,7.0
dec-orn-C,Ornith-1.5-35B-A3B,root-cause,stop,284,131,2.17,151,206,73.3,"d1=101/128,d2=46/74,d3=4/4",3595.3,118.0,2.2,11.1
dec-orn-C,Ornith-1.5-35B-A3B,root-cause,stop,287,132,2.17,153,208,73.6,"d1=111/129,d2=41/75,d3=1/4",3813.4,96.1,1.3,10.1
dec-orn-C,Ornith-1.5-35B-A3B,root-cause,stop,289,146,1.98,142,187,75.9,"d1=115/143,d2=27/42,d3=0/2",3683.5,104.1,2.6,11.8
dec-orn-C,Ornith-1.5-35B-A3B,root-cause,stop,297,120,2.48,175,224,78.1,"d1=105/117,d2=69/104,d3=1/3",3201.5,105.4,1.2,9.0
dec-orn-C,Ornith-1.5-35B-A3B,root-cause,stop,333,174,1.91,159,207,76.8,"d1=138/171,d2=21/34,d3=0/2",4199.3,98.0,1.9,12.6
dec-orn-C,Ornith-1.5-35B-A3B,root-cause,stop,352,174,2.02,177,269,65.8,"d1=125/171,d2=51/94,d3=1/4",5217.4,133.2,1.7,13.8
dec-orn-C,Ornith-1.5-35B-A3B,root-cause,stop,415,176,2.36,239,307,77.9,"d1=148/173,d2=85/124,d3=6/10",4903.3,151.6,2.5,14.0
dec-orn-C,Ornith-1.5-35B-A3B,root-cause,stop,440,201,2.19,237,282,84.0,"d1=181/198,d2=56/80,d3=0/4",5119.6,124.3,2.3,14.0
dec-orn-C,Ornith-1.5-35B-A3B,root-cause,stop,555,228,2.43,325,407,79.9,"d1=188/221,d2=132/176,d3=5/10",6730.3,205.9,3.5,18.2
dec-orn-C,Ornith-1.5-35B-A3B,root-cause,stop,605,280,2.16,324,463,70.0,"d1=215/273,d2=106/185,d3=3/5",7698.1,227.8,3.7,23.2
dec-orn-C,Ornith-1.5-35B-A3B,root-cause,stop,609,278,2.19,330,455,72.5,"d1=226/271,d2=104/181,d3=0/3",7599.4,220.2,4.5,24.6
dec-orn-C,Ornith-1.5-35B-A3B,root-cause,stop,619,261,2.37,358,449,79.7,"d1=230/254,d2=123/185,d3=5/10",7037.4,237.8,4.5,21.6
dec-orn-C,Ornith-1.5-35B-A3B,root-cause,stop,650,309,2.1,339,406,83.5,"d1=274/302,d2=64/100,d3=1/4",7833.0,200.8,4.0,21.9
dec-orn-C,Ornith-1.5-35B-A3B,root-cause,stop,740,321,2.31,416,539,77.2,"d1=273/314,d2=140/215,d3=3/10",9265.8,240.0,3.1,23.8
dec-orn-C,Ornith-1.5-35B-A3B,root-cause,stop,1039,512,2.03,524,606,86.5,"d1=495/505,d2=29/100,d3=0/1",13276.6,256.9,5.0,33.7
dec-orn-C,Ornith-1.5-35B-A3B,root-cause,stop,1074,467,2.3,603,756,79.8,"d1=440/456,d2=159/287,d3=4/13",13220.0,315.8,5.0,34.3
dec-orn-C,Ornith-1.5-35B-A3B,root-cause,stop,1096,490,2.24,604,753,80.2,"d1=478/483,d2=126/268,d3=0/2",12505.3,329.6,6.8,37.1
dec-orn-C,Ornith-1.5-35B-A3B,root-cause,stop,1120,532,2.11,586,675,86.8,"d1=506/525,d2=79/144,d3=1/6",14111.2,291.3,5.4,35.6
dec-orn-C,Ornith-1.5-35B-A3B,root-cause,stop,1228,519,2.37,705,914,77.1,"d1=504/508,d2=197/395,d3=4/11",14817.0,425.8,7.5,42.9
dec-orn-C,Ornith-1.5-35B-A3B,root-cause,stop,1276,574,2.22,702,830,84.6,"d1=557/567,d2=139/253,d3=6/10",15329.2,358.6,6.1,40.0
dec-orn-C,Ornith-1.5-35B-A3B,root-cause,stop,1305,623,2.09,679,772,88.0,"d1=607/616,d2=67/147,d3=5/9",16129.3,345.1,7.2,42.1
dec-orn-C,Ornith-1.5-35B-A3B,root-cause,stop,1351,594,2.27,754,914,82.5,"d1=564/587,d2=188/320,d3=2/7",15018.6,389.4,7.2,44.0
dec-orn-C,Ornith-1.5-35B-A3B,root-cause,stop,1446,587,2.46,858,1128,76.1,"d1=542/576,d2=298/517,d3=18/35",17202.9,562.0,8.0,50.1
qwen-S-bugfix,Qwen3.6-35B-A3B,bugfix,stop,15,6,2.5,7,8,87.5,"d1=3/4,d2=2/2,d3=2/2",109.8,4.3,0.1,0.4
qwen-S-bugfix,Qwen3.6-35B-A3B,bugfix,stop,20,8,2.5,12,12,100.0,"d1=5/5,d2=4/4,d3=3/3",144.7,9.4,0.1,0.1
qwen-S-bugfix,Qwen3.6-35B-A3B,bugfix,parked,41,29,1.41,10,22,45.5,"d1=6/16,d2=4/5,d3=0/1",752.1,14.7,0.2,2.1
qwen-S-bugfix,Qwen3.6-35B-A3B,bugfix,stop,62,23,2.7,37,39,94.9,"d1=19/20,d2=17/18,d3=1/1",671.3,18.9,0.3,1.4
qwen-S-bugfix,Qwen3.6-35B-A3B,bugfix,stop,70,25,2.8,43,45,95.6,"d1=22/22,d2=20/21,d3=1/2",754.8,19.0,0.2,1.6
qwen-S-bugfix,Qwen3.6-35B-A3B,bugfix,stop,74,32,2.31,41,50,82.0,"d1=22/29,d2=19/21,d3=0/0",833.5,26.3,0.4,2.4
qwen-S-bugfix,Qwen3.6-35B-A3B,bugfix,stop,87,48,1.81,38,50,76.0,"d1=35/45,d2=3/4,d3=0/1",1307.5,27.4,0.7,3.7
qwen-S-bugfix,Qwen3.6-35B-A3B,bugfix,stop,89,34,2.62,53,60,88.3,"d1=28/31,d2=23/27,d3=2/2",809.3,40.0,0.3,2.2
qwen-S-bugfix,Qwen3.6-35B-A3B,bugfix,stop,94,31,3.03,62,64,96.9,"d1=28/28,d2=25/27,d3=9/9",908.6,39.4,0.3,1.9
qwen-S-bugfix,Qwen3.6-35B-A3B,bugfix,stop,100,36,2.78,64,66,97.0,"d1=32/33,d2=30/31,d3=2/2",925.8,28.4,0.4,2.3
qwen-S-bugfix,Qwen3.6-35B-A3B,bugfix,stop,114,36,3.17,76,84,90.5,"d1=29/33,d2=25/28,d3=22/23",1165.2,87.6,0.5,2.6
qwen-S-bugfix,Qwen3.6-35B-A3B,bugfix,stop,115,70,1.64,44,51,86.3,"d1=36/41,d2=5/5,d3=3/5",3990.3,49.4,0.8,5.6
qwen-S-bugfix,Qwen3.6-35B-A3B,bugfix,stop,123,37,3.32,85,85,100.0,"d1=34/34,d2=33/33,d3=18/18",932.9,85.2,0.3,2.2
qwen-S-bugfix,Qwen3.6-35B-A3B,bugfix,stop,148,47,3.15,101,103,98.1,"d1=43/44,d2=41/42,d3=17/17",1166.4,92.1,0.4,0.5
qwen-S-bugfix,Qwen3.6-35B-A3B,bugfix,stop,177,60,2.95,117,126,92.9,"d1=53/57,d2=49/52,d3=15/17",1626.3,73.7,0.5,3.9
qwen-S-bugfix,Qwen3.6-35B-A3B,bugfix,stop,187,67,2.79,118,137,86.1,"d1=58/64,d2=45/57,d3=15/16",1825.4,99.5,0.8,4.9
qwen-S-bugfix,Qwen3.6-35B-A3B,bugfix,stop,190,61,3.11,130,137,94.9,"d1=55/58,d2=51/54,d3=24/25",1550.3,90.1,0.6,3.9
qwen-S-bugfix,Qwen3.6-35B-A3B,bugfix,stop,201,59,3.41,143,146,97.9,"d1=54/56,d2=53/54,d3=36/36",1531.6,114.4,0.6,3.7
qwen-S-bugfix,Qwen3.6-35B-A3B,bugfix,parked,218,96,2.27,120,146,82.2,"d1=71/83,d2=40/52,d3=9/11",4996.8,117.1,1.3,7.6
qwen-S-bugfix,Qwen3.6-35B-A3B,bugfix,stop,222,114,1.95,107,146,73.3,"d1=85/111,d2=22/35,d3=0/0",3171.1,65.5,0.9,8.3
qwen-S-bugfix,Qwen3.6-35B-A3B,bugfix,stop,222,85,2.61,138,168,82.1,"d1=70/82,d2=53/69,d3=15/17",2359.5,113.3,0.9,6.4
qwen-S-bugfix,Qwen3.6-35B-A3B,bugfix,stop,297,132,2.25,164,211,77.7,"d1=104/129,d2=46/62,d3=14/20",4806.1,145.7,1.2,9.7
qwen-S-bugfix,Qwen3.6-35B-A3B,bugfix,stop,307,91,3.37,214,230,93.0,"d1=79/88,d2=68/74,d3=67/68",2621.9,226.5,1.0,6.1
qwen-S-bugfix,Qwen3.6-35B-A3B,bugfix,stop,321,110,2.92,210,234,89.7,"d1=95/107,d2=86/94,d3=29/33",3113.6,150.9,0.9,7.4
qwen-S-bugfix,Qwen3.6-35B-A3B,bugfix,stop,371,138,2.69,232,263,88.2,"d1=121/135,d2=81/94,d3=30/34",4221.5,161.6,1.3,9.2
qwen-S-bugfix,Qwen3.6-35B-A3B,bugfix,stop,475,151,3.15,321,354,90.7,"d1=134/148,d2=103/118,d3=84/88",5074.2,322.5,1.5,10.3
qwen-S-bugfix,Qwen3.6-35B-A3B,bugfix,stop,675,241,2.8,434,519,83.6,"d1=198/234,d2=159/189,d3=77/96",8257.0,383.1,2.2,17.7
qwen-S-bugfix,Qwen3.6-35B-A3B,bugfix,stop,734,294,2.5,439,532,82.5,"d1=248/287,d2=179/226,d3=12/19",9073.4,275.9,2.7,20.8
qwen-S-bugfix,Qwen3.6-35B-A3B,bugfix,stop,901,350,2.57,549,665,82.6,"d1=291/343,d2=218/275,d3=40/47",11048.5,391.9,3.2,24.9
qwen-S-bugfix,Qwen3.6-35B-A3B,bugfix,stop,917,338,2.71,576,706,81.6,"d1=274/331,d2=191/236,d3=111/139",11138.2,574.6,3.1,24.2
qwen-S-bugfix,Qwen3.6-35B-A3B,bugfix,stop,1140,425,2.68,714,870,82.1,"d1=354/418,d2=264/331,d3=96/121",13896.8,599.1,3.9,30.5
qwen-S-bugfix,Qwen3.6-35B-A3B,bugfix,stop,1195,356,3.36,837,883,94.8,"d1=338/349,d2=282/301,d3=217/233",12438.5,687.2,3.1,23.0
qwen-S-bugfix,Qwen3.6-35B-A3B,bugfix,stop,1391,449,3.1,942,1046,90.1,"d1=405/442,d2=348/400,d3=189/204",12858.3,787.5,5.6,31.7
qwen-S-bugfix,Qwen3.6-35B-A3B,bugfix,stop,1920,707,2.72,1210,1432,84.5,"d1=615/696,d2=435/540,d3=160/196",23810.1,1008.0,7.6,51.0
qwen-E-explain,Qwen3.6-35B-A3B,explain,stop,20,8,2.5,12,12,100.0,"d1=5/5,d2=4/4,d3=3/3",144.7,9.4,0.1,0.1
qwen-E-explain,Qwen3.6-35B-A3B,explain,parked,41,29,1.41,10,22,45.5,"d1=6/16,d2=4/5,d3=0/1",752.1,14.7,0.2,2.1
qwen-E-explain,Qwen3.6-35B-A3B,explain,stop,62,23,2.7,37,39,94.9,"d1=19/20,d2=17/18,d3=1/1",671.3,18.9,0.3,1.4
qwen-E-explain,Qwen3.6-35B-A3B,explain,stop,70,25,2.8,43,45,95.6,"d1=22/22,d2=20/21,d3=1/2",754.8,19.0,0.2,1.6
qwen-E-explain,Qwen3.6-35B-A3B,explain,stop,87,48,1.81,38,50,76.0,"d1=35/45,d2=3/4,d3=0/1",1307.5,27.4,0.7,3.7
qwen-E-explain,Qwen3.6-35B-A3B,explain,stop,89,34,2.62,53,60,88.3,"d1=28/31,d2=23/27,d3=2/2",809.3,40.0,0.3,2.2
qwen-E-explain,Qwen3.6-35B-A3B,explain,stop,94,31,3.03,62,64,96.9,"d1=28/28,d2=25/27,d3=9/9",908.6,39.4,0.3,1.9
qwen-E-explain,Qwen3.6-35B-A3B,explain,stop,114,36,3.17,76,84,90.5,"d1=29/33,d2=25/28,d3=22/23",1165.2,87.6,0.5,2.6
qwen-E-explain,Qwen3.6-35B-A3B,explain,stop,115,70,1.64,44,51,86.3,"d1=36/41,d2=5/5,d3=3/5",3990.3,49.4,0.8,5.6
qwen-E-explain,Qwen3.6-35B-A3B,explain,stop,123,37,3.32,85,85,100.0,"d1=34/34,d2=33/33,d3=18/18",932.9,85.2,0.3,2.2
qwen-E-explain,Qwen3.6-35B-A3B,explain,stop,148,47,3.15,101,103,98.1,"d1=43/44,d2=41/42,d3=17/17",1166.4,92.1,0.4,0.5
qwen-E-explain,Qwen3.6-35B-A3B,explain,parked,218,96,2.27,120,146,82.2,"d1=71/83,d2=40/52,d3=9/11",4996.8,117.1,1.3,7.6
qwen-E-explain,Qwen3.6-35B-A3B,explain,stop,222,114,1.95,107,146,73.3,"d1=85/111,d2=22/35,d3=0/0",3171.1,65.5,0.9,8.3
qwen-E-explain,Qwen3.6-35B-A3B,explain,stop,297,132,2.25,164,211,77.7,"d1=104/129,d2=46/62,d3=14/20",4806.1,145.7,1.2,9.7
qwen-E-explain,Qwen3.6-35B-A3B,explain,stop,307,91,3.37,214,230,93.0,"d1=79/88,d2=68/74,d3=67/68",2621.9,226.5,1.0,6.1
qwen-E-explain,Qwen3.6-35B-A3B,explain,stop,321,110,2.92,210,234,89.7,"d1=95/107,d2=86/94,d3=29/33",3113.6,150.9,0.9,7.4
qwen-E-explain,Qwen3.6-35B-A3B,explain,stop,371,138,2.69,232,263,88.2,"d1=121/135,d2=81/94,d3=30/34",4221.5,161.6,1.3,9.2
qwen-E-explain,Qwen3.6-35B-A3B,explain,stop,475,151,3.15,321,354,90.7,"d1=134/148,d2=103/118,d3=84/88",5074.2,322.5,1.5,10.3
qwen-E-explain,Qwen3.6-35B-A3B,explain,stop,675,241,2.8,434,519,83.6,"d1=198/234,d2=159/189,d3=77/96",8257.0,383.1,2.2,17.7
qwen-E-explain,Qwen3.6-35B-A3B,explain,stop,734,294,2.5,439,532,82.5,"d1=248/287,d2=179/226,d3=12/19",9073.4,275.9,2.7,20.8
qwen-E-explain,Qwen3.6-35B-A3B,explain,stop,901,350,2.57,549,665,82.6,"d1=291/343,d2=218/275,d3=40/47",11048.5,391.9,3.2,24.9
qwen-E-explain,Qwen3.6-35B-A3B,explain,stop,917,338,2.71,576,706,81.6,"d1=274/331,d2=191/236,d3=111/139",11138.2,574.6,3.1,24.2
qwen-E-explain,Qwen3.6-35B-A3B,explain,stop,1140,425,2.68,714,870,82.1,"d1=354/418,d2=264/331,d3=96/121",13896.8,599.1,3.9,30.5
qwen-E-explain,Qwen3.6-35B-A3B,explain,stop,1195,356,3.36,837,883,94.8,"d1=338/349,d2=282/301,d3=217/233",12438.5,687.2,3.1,23.0
qwen-E-explain,Qwen3.6-35B-A3B,explain,stop,1920,707,2.72,1210,1432,84.5,"d1=615/696,d2=435/540,d3=160/196",23810.1,1008.0,7.6,51.0
qwen-F-feature,Qwen3.6-35B-A3B,feature,stop,15,6,2.5,7,8,87.5,"d1=3/4,d2=2/2,d3=2/2",109.8,4.3,0.1,0.4
qwen-F-feature,Qwen3.6-35B-A3B,feature,stop,15,6,2.5,7,8,87.5,"d1=3/4,d2=2/2,d3=2/2",107.3,4.4,0.1,0.4
qwen-F-feature,Qwen3.6-35B-A3B,feature,stop,20,8,2.5,12,12,100.0,"d1=5/5,d2=4/4,d3=3/3",144.7,9.4,0.1,0.1
qwen-F-feature,Qwen3.6-35B-A3B,feature,parked,41,29,1.41,10,22,45.5,"d1=6/16,d2=4/5,d3=0/1",752.1,14.7,0.2,2.1
qwen-F-feature,Qwen3.6-35B-A3B,feature,stop,61,31,1.97,28,31,90.3,"d1=26/28,d2=2/2,d3=0/1",708.1,16.3,0.3,2.0
qwen-F-feature,Qwen3.6-35B-A3B,feature,stop,62,23,2.7,37,39,94.9,"d1=19/20,d2=17/18,d3=1/1",671.3,18.9,0.3,1.4
qwen-F-feature,Qwen3.6-35B-A3B,feature,stop,70,25,2.8,43,45,95.6,"d1=22/22,d2=20/21,d3=1/2",754.8,19.0,0.2,1.6
qwen-F-feature,Qwen3.6-35B-A3B,feature,stop,74,32,2.31,41,50,82.0,"d1=22/29,d2=19/21,d3=0/0",833.5,26.3,0.4,2.4
qwen-F-feature,Qwen3.6-35B-A3B,feature,stop,77,27,2.85,48,49,98.0,"d1=24/24,d2=22/23,d3=2/2",679.7,23.2,0.3,1.7
qwen-F-feature,Qwen3.6-35B-A3B,feature,stop,87,48,1.81,38,50,76.0,"d1=35/45,d2=3/4,d3=0/1",1307.5,27.4,0.7,3.7
qwen-F-feature,Qwen3.6-35B-A3B,feature,stop,89,34,2.62,53,60,88.3,"d1=28/31,d2=23/27,d3=2/2",809.3,40.0,0.3,2.2
qwen-F-feature,Qwen3.6-35B-A3B,feature,stop,94,31,3.03,62,64,96.9,"d1=28/28,d2=25/27,d3=9/9",908.6,39.4,0.3,1.9
qwen-F-feature,Qwen3.6-35B-A3B,feature,stop,100,36,2.78,64,66,97.0,"d1=32/33,d2=30/31,d3=2/2",925.8,28.4,0.4,2.3
qwen-F-feature,Qwen3.6-35B-A3B,feature,stop,114,36,3.17,76,84,90.5,"d1=29/33,d2=25/28,d3=22/23",1165.2,87.6,0.5,2.6
qwen-F-feature,Qwen3.6-35B-A3B,feature,stop,115,70,1.64,44,51,86.3,"d1=36/41,d2=5/5,d3=3/5",3990.3,49.4,0.8,5.6
qwen-F-feature,Qwen3.6-35B-A3B,feature,stop,121,38,3.18,84,89,94.4,"d1=35/35,d2=32/34,d3=17/20",966.5,68.5,0.4,2.5
qwen-F-feature,Qwen3.6-35B-A3B,feature,stop,123,37,3.32,85,85,100.0,"d1=34/34,d2=33/33,d3=18/18",932.9,85.2,0.3,2.2
qwen-F-feature,Qwen3.6-35B-A3B,feature,stop,148,47,3.15,101,103,98.1,"d1=43/44,d2=41/42,d3=17/17",1166.4,92.1,0.4,0.5
qwen-F-feature,Qwen3.6-35B-A3B,feature,stop,159,53,3.0,104,105,99.0,"d1=49/50,d2=48/48,d3=7/7",1286.2,52.0,0.5,3.2
qwen-F-feature,Qwen3.6-35B-A3B,feature,stop,177,60,2.95,117,126,92.9,"d1=53/57,d2=49/52,d3=15/17",1626.3,73.7,0.5,3.9
qwen-F-feature,Qwen3.6-35B-A3B,feature,stop,187,67,2.79,118,137,86.1,"d1=58/64,d2=45/57,d3=15/16",1825.4,99.5,0.8,4.9
qwen-F-feature,Qwen3.6-35B-A3B,feature,stop,190,61,3.11,130,137,94.9,"d1=55/58,d2=51/54,d3=24/25",1550.3,90.1,0.6,3.9
qwen-F-feature,Qwen3.6-35B-A3B,feature,stop,199,66,3.02,133,142,93.7,"d1=60/63,d2=53/59,d3=20/20",1764.6,89.4,0.6,4.3
qwen-F-feature,Qwen3.6-35B-A3B,feature,stop,201,59,3.41,143,146,97.9,"d1=54/56,d2=53/54,d3=36/36",1531.6,114.4,0.6,3.7
qwen-F-feature,Qwen3.6-35B-A3B,feature,stop,216,91,2.37,125,168,74.4,"d1=73/88,d2=48/73,d3=4/7",2418.8,95.4,1.3,7.6
qwen-F-feature,Qwen3.6-35B-A3B,feature,parked,218,96,2.27,120,146,82.2,"d1=71/83,d2=40/52,d3=9/11",4996.8,117.1,1.3,7.6
qwen-F-feature,Qwen3.6-35B-A3B,feature,stop,222,114,1.95,107,146,73.3,"d1=85/111,d2=22/35,d3=0/0",3171.1,65.5,0.9,8.3
qwen-F-feature,Qwen3.6-35B-A3B,feature,stop,222,85,2.61,138,168,82.1,"d1=70/82,d2=53/69,d3=15/17",2359.5,113.3,0.9,6.4
qwen-F-feature,Qwen3.6-35B-A3B,feature,stop,237,75,3.16,160,170,94.1,"d1=69/72,d2=62/68,d3=29/30",2053.2,114.0,0.7,4.8
qwen-F-feature,Qwen3.6-35B-A3B,feature,stop,297,132,2.25,164,211,77.7,"d1=104/129,d2=46/62,d3=14/20",4806.1,145.7,1.2,9.7
qwen-F-feature,Qwen3.6-35B-A3B,feature,stop,307,91,3.37,214,230,93.0,"d1=79/88,d2=68/74,d3=67/68",2621.9,226.5,1.0,6.1
qwen-F-feature,Qwen3.6-35B-A3B,feature,stop,321,110,2.92,210,234,89.7,"d1=95/107,d2=86/94,d3=29/33",3113.6,150.9,0.9,7.4
qwen-F-feature,Qwen3.6-35B-A3B,feature,stop,326,103,3.17,224,240,93.3,"d1=90/100,d2=86/90,d3=48/50",2867.8,172.7,1.0,6.9
qwen-F-feature,Qwen3.6-35B-A3B,feature,stop,371,138,2.69,232,263,88.2,"d1=121/135,d2=81/94,d3=30/34",4221.5,161.6,1.3,9.2
qwen-F-feature,Qwen3.6-35B-A3B,feature,stop,475,151,3.15,321,354,90.7,"d1=134/148,d2=103/118,d3=84/88",5074.2,322.5,1.5,10.3
qwen-F-feature,Qwen3.6-35B-A3B,feature,stop,675,241,2.8,434,519,83.6,"d1=198/234,d2=159/189,d3=77/96",8257.0,383.1,2.2,17.7
qwen-F-feature,Qwen3.6-35B-A3B,feature,stop,734,294,2.5,439,532,82.5,"d1=248/287,d2=179/226,d3=12/19",9073.4,275.9,2.7,20.8
qwen-F-feature,Qwen3.6-35B-A3B,feature,stop,901,350,2.57,549,665,82.6,"d1=291/343,d2=218/275,d3=40/47",11048.5,391.9,3.2,24.9
qwen-F-feature,Qwen3.6-35B-A3B,feature,stop,917,338,2.71,576,706,81.6,"d1=274/331,d2=191/236,d3=111/139",11138.2,574.6,3.1,24.2
qwen-F-feature,Qwen3.6-35B-A3B,feature,stop,927,324,2.86,601,703,85.5,"d1=287/321,d2=231/282,d3=83/100",8905.9,527.1,3.0,23.0
qwen-F-feature,Qwen3.6-35B-A3B,feature,stop,1140,425,2.68,714,870,82.1,"d1=354/418,d2=264/331,d3=96/121",13896.8,599.1,3.9,30.5
qwen-F-feature,Qwen3.6-35B-A3B,feature,stop,1195,356,3.36,837,883,94.8,"d1=338/349,d2=282/301,d3=217/233",12438.5,687.2,3.1,23.0
qwen-F-feature,Qwen3.6-35B-A3B,feature,stop,1391,449,3.1,942,1046,90.1,"d1=405/442,d2=348/400,d3=189/204",12858.3,787.5,5.6,31.7
qwen-F-feature,Qwen3.6-35B-A3B,feature,stop,1920,707,2.72,1210,1432,84.5,"d1=615/696,d2=435/540,d3=160/196",23810.1,1008.0,7.6,51.0
qwen36-micro-r1,Qwen3.6-35B-A3B,micro,stop,17,8,2.12,9,11,81.8,"d1=4/5,d2=3/3,d3=2/3",146.2,9.8,0.1,0.3
qwen36-micro-r1,Qwen3.6-35B-A3B,micro,stop,101,41,2.46,60,71,84.5,"d1=32/38,d2=27/31,d3=1/2",1005.3,54.2,0.4,2.8
qwen36-micro-r1,Qwen3.6-35B-A3B,micro,stop,195,60,3.25,135,138,97.8,"d1=56/57,d2=53/55,d3=26/26",1520.7,134.8,0.6,0.6
qwen36-micro-r2,Qwen3.6-35B-A3B,micro,stop,17,8,2.12,9,11,81.8,"d1=4/5,d2=3/3,d3=2/3",146.2,9.8,0.1,0.3
qwen36-micro-r2,Qwen3.6-35B-A3B,micro,stop,21,9,2.33,13,14,92.9,"d1=6/6,d2=4/5,d3=3/3",165.8,13.1,0.2,0.7
qwen36-micro-r2,Qwen3.6-35B-A3B,micro,stop,71,25,2.84,44,45,97.8,"d1=22/22,d2=20/21,d3=2/2",583.7,30.2,0.2,1.5
qwen36-micro-r2,Qwen3.6-35B-A3B,micro,stop,77,29,2.66,47,51,92.2,"d1=24/26,d2=22/23,d3=1/2",675.8,34.2,0.3,1.9
qwen36-micro-r2,Qwen3.6-35B-A3B,micro,stop,84,33,2.55,50,59,84.7,"d1=28/30,d2=20/27,d3=2/2",777.9,38.5,0.3,2.3
qwen36-micro-r2,Qwen3.6-35B-A3B,micro,stop,101,41,2.46,60,71,84.5,"d1=32/38,d2=27/31,d3=1/2",1005.3,54.2,0.4,2.8
qwen36-micro-r2,Qwen3.6-35B-A3B,micro,stop,195,60,3.25,135,138,97.8,"d1=56/57,d2=53/55,d3=26/26",1520.7,134.8,0.6,0.6
dec-qwen-C,Qwen3.6-35B-A3B,root-cause,stop,14,6,2.33,6,8,75.0,"d1=4/4,d2=1/3,d3=1/1",112.4,4.6,0.1,0.2
dec-qwen-C,Qwen3.6-35B-A3B,root-cause,parked,34,24,1.42,8,15,53.3,"d1=4/11,d2=3/3,d3=1/1",606.6,11.9,0.2,1.7
dec-qwen-C,Qwen3.6-35B-A3B,root-cause,stop,43,21,2.05,21,32,65.6,"d1=12/18,d2=8/12,d3=1/2",627.0,16.3,0.2,1.6
dec-qwen-C,Qwen3.6-35B-A3B,root-cause,stop,46,24,1.92,20,26,76.9,"d1=16/21,d2=2/3,d3=2/2",596.1,13.0,0.2,1.7
dec-qwen-C,Qwen3.6-35B-A3B,root-cause,stop,47,17,2.76,28,29,96.6,"d1=14/14,d2=12/13,d3=2/2",471.8,13.1,0.1,1.0
dec-qwen-C,Qwen3.6-35B-A3B,root-cause,stop,59,21,2.81,37,37,100.0,"d1=18/18,d2=17/17,d3=2/2",487.6,25.3,0.2,1.2
dec-qwen-C,Qwen3.6-35B-A3B,root-cause,stop,61,24,2.54,35,40,87.5,"d1=18/21,d2=16/17,d3=1/2",661.8,19.5,0.3,1.6
dec-qwen-C,Qwen3.6-35B-A3B,root-cause,stop,67,25,2.68,41,44,93.2,"d1=20/22,d2=19/20,d3=2/2",767.1,20.1,0.3,1.6
dec-qwen-C,Qwen3.6-35B-A3B,root-cause,stop,77,30,2.57,47,53,88.7,"d1=24/27,d2=20/23,d3=3/3",713.2,41.7,0.3,2.1
dec-qwen-C,Qwen3.6-35B-A3B,root-cause,stop,77,28,2.75,48,51,94.1,"d1=25/25,d2=21/24,d3=2/2",659.9,34.0,0.3,1.8
dec-qwen-C,Qwen3.6-35B-A3B,root-cause,stop,82,28,2.93,53,59,89.8,"d1=22/25,d2=20/21,d3=11/13",894.4,51.5,0.3,2.0
dec-qwen-C,Qwen3.6-35B-A3B,root-cause,stop,89,32,2.78,57,59,96.6,"d1=28/29,d2=26/27,d3=3/3",762.9,42.3,0.3,0.4
dec-qwen-C,Qwen3.6-35B-A3B,root-cause,stop,90,31,2.9,57,57,100.0,"d1=28/28,d2=27/27,d3=2/2",735.6,42.1,0.3,1.8
dec-qwen-C,Qwen3.6-35B-A3B,root-cause,stop,103,31,3.32,72,73,98.6,"d1=28/28,d2=26/27,d3=18/18",1072.0,56.4,0.4,2.0
dec-qwen-C,Qwen3.6-35B-A3B,root-cause,stop,104,36,2.89,66,67,98.5,"d1=33/33,d2=31/32,d3=2/2",971.1,32.7,0.4,2.2
dec-qwen-C,Qwen3.6-35B-A3B,root-cause,stop,115,53,2.17,61,85,71.8,"d1=36/50,d2=25/35,d3=0/0",1564.8,49.8,0.5,4.1
dec-qwen-C,Qwen3.6-35B-A3B,root-cause,stop,199,82,2.43,115,141,81.6,"d1=63/79,d2=43/51,d3=9/11",2550.8,77.6,0.8,5.9
dec-qwen-C,Qwen3.6-35B-A3B,root-cause,stop,242,83,2.92,158,180,87.8,"d1=68/80,d2=58/67,d3=32/33",2770.0,148.3,0.8,5.7
dec-qwen-C,Qwen3.6-35B-A3B,root-cause,stop,242,110,2.2,130,168,77.4,"d1=87/107,d2=42/58,d3=1/3",3373.2,84.0,1.2,8.1
dec-qwen-C,Qwen3.6-35B-A3B,root-cause,stop,294,109,2.7,185,223,83.0,"d1=92/106,d2=76/92,d3=17/25",3630.5,145.8,1.1,8.1
dec-qwen-C,Qwen3.6-35B-A3B,root-cause,stop,345,127,2.72,217,245,88.6,"d1=115/124,d2=96/114,d3=6/7",4065.4,124.1,1.3,8.9
dec-qwen-C,Qwen3.6-35B-A3B,root-cause,stop,416,129,3.22,286,314,91.1,"d1=119/126,d2=104/118,d3=63/70",4515.3,256.1,1.3,8.8
dec-qwen-C,Qwen3.6-35B-A3B,root-cause,stop,420,120,3.5,299,320,93.4,"d1=112/117,d2=97/107,d3=90/96",4073.1,283.0,1.1,8.1
dec-qwen-C,Qwen3.6-35B-A3B,root-cause,stop,442,142,3.11,301,339,88.8,"d1=130/139,d2=106/130,d3=65/70",4606.0,269.8,1.3,9.9
dec-qwen-C,Qwen3.6-35B-A3B,root-cause,stop,444,164,2.71,279,326,85.6,"d1=145/161,d2=122/144,d3=12/21",5332.7,179.4,1.6,11.7
dec-qwen-C,Qwen3.6-35B-A3B,root-cause,stop,579,180,3.22,397,431,92.1,"d1=165/177,d2=144/161,d3=88/93",5801.2,316.8,1.8,12.2
